{"mass":0.7788,"centerOfMass":[0,0,0.05],"transformation":[0.7071,-0.7071,0,0,0.7071,0.7071,0,0,0,0,1,0,0,0,0.0585,1],"inertia":[0.000010525118,2.465666e-7,2.0762e-9,2.465666e-7,0.0000121360727,2.86151e-8,2.0762e-9,2.86151e-8,0.0000146184407],"collisionModel":{"pointA":[0,0.005,0,0,0,0,0,0,0],"pointB":[0,-0.005,0,0,0,0,0,0,0],"radius":[0.005,0,0]}}